OU,DisplayName,UserPrincipalName,AssignedPlans,ExtUpnDomainPart,ExtUpnLocalPart,UsageLocation,Surname,GivenName,AccountEnabled,Department,City,StateOrProvince,CountryOrRegion,AssignedLicenses,Status,OfficePhone,MobilePhone,UserType,MailboxType,ExternalUserState,ExternalUserStateChangeDateTime
"Seattle","Adele Vance","AdeleV56@lillich.onmicrosoft.com","Microsoft 365 Audit Platform,Microsoft Clipchamp,Graph Connectors Search with Index,Data Classification in Microsoft 365,Microsoft 365 Communication Compliance,Microsoft Information Governance,Microsoft 365 Apps for enterprise,Microsoft MyAnalytics (Full),Exchange Online (Plan 2),Microsoft Entra ID P2,Azure Rights Management,Microsoft StaffHub,Information Protection for Office 365 - Standard,Microsoft Defender for Office 365 (Plan 2),Microsoft Defender for Cloud Apps,Microsoft Communications Compliance,Microsoft Customer Key,Office 365 SafeDocs,Microsoft ML-Based Classification,Microsoft Insider Risk Management,Microsoft Defender for Identity,Microsoft Stream for Office 365 E5,Microsoft Communications DLP,Customer Lockbox,Azure Information Protection Premium P2,Office 365 Privileged Access Management,Microsoft Data Investigations,Microsoft Records Management,Office 365 Cloud App Security,Microsoft Intune,Office 365 Advanced eDiscovery,Microsoft Azure Multi-Factor Authentication,Microsoft Teams,Microsoft Forms (Plan E5),Microsoft Entra ID P1,Microsoft 365 Advanced Auditing,Microsoft Planner,Microsoft Entra RIGHTS,Sway,Microsoft 365 Phone System,Information Protection for Office 365 - Premium,Microsoft Excel Advanced Analytics,Microsoft 365 Defender,Microsoft Bookings,Common Data Service,Common Data Service for Teams,Microsoft Insider Risk Management","","","AT","Vance","Adele","yes","Retail","Bellevue","WAKA","UNITED STATES","E5","Cloud","+1 425 555 010956"," ","Member","User","",""
"New York","Alex Wilber","AlexW36@lillich.onmicrosoft.com","Power Apps for Office 365 (Plan 3),Information Protection for Office 365 - Premium,Power Virtual Agents for Office 365,Microsoft Insider Risk Management,Common Data Service,Microsoft 365 Audit Platform,Microsoft 365 Phone System,Sway,Microsoft Entra RIGHTS,Microsoft Planner,Microsoft 365 Advanced Auditing,Microsoft Entra ID P1,Microsoft Forms (Plan E5),Graph Connectors Search with Index,Skype for Business Online (Plan 2),Microsoft Teams,Data Classification in Microsoft 365,Microsoft Azure Multi-Factor Authentication,Office 365 Advanced eDiscovery,Microsoft Intune,Office 365 Cloud App Security,Microsoft Records Management,Power BI Pro,Office for the Web,Microsoft Bookings,Microsoft Data Investigations,Office 365 Privileged Access Management,Microsoft 365 Defender,Microsoft Clipchamp,Azure Information Protection Premium P2,Customer Lockbox,Microsoft Communications DLP,Microsoft Stream for Office 365 E5,Microsoft Defender for Identity,To-Do (Plan 3),Microsoft Insider Risk Management,Microsoft ML-Based Classification,SharePoint (Plan 2),Office 365 SafeDocs,Common Data Service for Teams,Microsoft Customer Key,Microsoft Communications Compliance,Microsoft Defender for Cloud Apps,Microsoft Defender for Office 365 (Plan 2),Information Protection for Office 365 - Standard,Microsoft StaffHub,Microsoft Excel Advanced Analytics,Power Automate for Office 365,Whiteboard (Plan 3),Viva Learning Seeded,Azure Rights Management,Microsoft Entra ID P2,Microsoft 365 Communication Compliance,Exchange Online (Plan 2),Microsoft MyAnalytics (Full),Microsoft 365 Apps for enterprise,Yammer Enterprise,Project for Office (Plan E5),Microsoft Information Governance","","","AT","Wilber","Alex","yes","atwork, gmbh","San Diego","CA","UNITED STATES","E5","Cloud","+1 858 555 0110"," ","Member","Equipment","",""
"Paris","Andreas Lillich","admin@lillich.onmicrosoft.com","Microsoft 365 Audit Platform,Microsoft Clipchamp,Microsoft Planner,Microsoft StaffHub,Viva Learning Seeded,Data Classification in Microsoft 365,Flow Free,Common Data Service,Microsoft 365 Advanced Auditing,Power BI Pro,Office 365 SafeDocs,Graph Connectors Search with Index,Microsoft 365 Communication Compliance,Yammer Enterprise,Microsoft 365 Apps for enterprise,Microsoft MyAnalytics (Full),Exchange Online (Plan 2),Microsoft Entra ID P2,Azure Rights Management,Whiteboard (Plan 3),Power Automate for Office 365,Information Protection for Office 365 - Standard,Microsoft Defender for Office 365 (Plan 2),Microsoft Defender for Cloud Apps,SharePoint (Plan 2),To-Do (Plan 3),Microsoft Defender for Identity,Microsoft Stream for Office 365 E5,Customer Lockbox,Azure Information Protection Premium P2,Office 365 Privileged Access Management,Office for the Web,Office 365 Cloud App Security,Microsoft Intune,Office 365 Advanced eDiscovery,Microsoft Azure Multi-Factor Authentication,Microsoft Teams,Skype for Business Online (Plan 2),Microsoft Forms (Plan E5),Microsoft Entra ID P1,Microsoft Entra RIGHTS,Sway,Microsoft 365 Phone System,Information Protection for Office 365 - Premium,Power Apps for Office 365 (Plan 3),Microsoft Information Governance,Microsoft Communications Compliance,Microsoft Customer Key,Microsoft ML-Based Classification,Microsoft Insider Risk Management,Microsoft Communications DLP,Microsoft Data Investigations,Microsoft Records Management,Microsoft Excel Advanced Analytics,Microsoft 365 Defender,Microsoft Bookings,Common Data Service,Project for Office (Plan E5),Common Data Service for Teams,Microsoft Insider Risk Management,Power Virtual Agents for Office 365","","","US","Lillich","Andreas","yes","atwork gmbh","Vienna","Austria","AUSTRIA","E5,Test Mapping","Cloud","4250056566"," 045684323","Member","User","",""
"Seattle","Henrietta1 Mueller","henrietta1.mueller@lillich.onmicrosoft.com","","","","AT","Mueller","Henrietta1","no","R&D","Fort Lauderdale","FL","United States","","Cloud","+1 954 555 0118"," ","Member","User","",""
"Seattle","Isaiah Langer","IsaiahL@lillich.onmicrosoft.com","","","","US","Langer","Isaiah","no","","","","","","Cloud","+1 918 555 0101"," ","Member","User","",""
"Seattle","Lynne H. Robbins","LynneRM@lillich.onmicrosoft.com","Azure Information Protection Premium P2","","","US","Robbins","Lynne","yes","Retail","Tulsa","OK","UNITED STATES","E5","Cloud","+1 918 555 0104","","Member","Shared","",""
"Seattle","Nestor Wilke","NestorW@lillich.onmicrosoft.com","","","","US","Wilke","Nestor","yes","Operations","Seattle","WA","United States","","Cloud","+1 206 555 0105","","Member","User","",""
"Seattle","Patti Fernandez","PattiF@lillich.onmicrosoft.com","","","","US","Fernandez","Patti","yes","Executive Management","Louisville","KY","United States","","Cloud","+1 502 555 0144","","Member","User","",""
"Seattle","Pradeep Gupta","PradeepG@lillich.onmicrosoft.com","Power Apps for Office 365 (Plan 3),Power Virtual Agents for Office 365,Microsoft Insider Risk Management,Microsoft 365 Phone System,Sway,Microsoft Planner,Microsoft Entra ID P1,Microsoft Forms (Plan E5),Skype for Business Online (Plan 2),Microsoft Teams,Data Classification in Microsoft 365,Microsoft Azure Multi-Factor Authentication,Office 365 Advanced eDiscovery,Microsoft Intune,Office 365 Cloud App Security,Microsoft Records Management,Power BI Pro,Microsoft Bookings,Microsoft Data Investigations,Office 365 Privileged Access Management,Microsoft 365 Defender,Azure Information Protection Premium P2,Customer Lockbox,Microsoft Insider Risk Management,Microsoft ML-Based Classification,SharePoint (Plan 2),Office 365 SafeDocs,Microsoft Customer Key,Microsoft Communications Compliance,Microsoft Defender for Cloud Apps,Microsoft Defender for Office 365 (Plan 2),Microsoft StaffHub,Power Automate for Office 365,Microsoft Entra ID P2,Microsoft 365 Communication Compliance,Exchange Online (Plan 2),Microsoft 365 Apps for enterprise,Project for Office (Plan E5),Microsoft Information Governance","","","WF","Gupta","Pradeep","yes","Finance","Cairo","","Egypt","E5","Cloud","+20 255501070","","Member","Shared","",""
"Seattle","Resource 34","resource-34@lillich.onmicrosoft.com","Microsoft 365 Audit Platform,Microsoft Clipchamp,Power Apps for Office 365 (Plan 3),Information Protection for Office 365 - Premium,Power Virtual Agents for Office 365,Microsoft Insider Risk Management,Common Data Service,Microsoft 365 Phone System,Sway,Microsoft Entra RIGHTS,Microsoft Planner,Microsoft 365 Advanced Auditing,Microsoft Entra ID P1,Microsoft Forms (Plan E5),Graph Connectors Search with Index,Skype for Business Online (Plan 2),Data Classification in Microsoft 365,Microsoft Azure Multi-Factor Authentication,Office 365 Advanced eDiscovery,Microsoft Intune,Office 365 Cloud App Security,Microsoft Records Management,Power BI Pro,Office for the Web,Microsoft Data Investigations,Office 365 Privileged Access Management,Microsoft 365 Defender,Azure Information Protection Premium P2,Customer Lockbox,Microsoft Communications DLP,Microsoft Stream for Office 365 E5,Microsoft Defender for Identity,To-Do (Plan 3),Microsoft Insider Risk Management,Microsoft ML-Based Classification,SharePoint (Plan 2),Office 365 SafeDocs,Common Data Service for Teams,Microsoft Customer Key,Microsoft Communications Compliance,Microsoft Defender for Cloud Apps,Microsoft Defender for Office 365 (Plan 2),Information Protection for Office 365 - Standard,Microsoft StaffHub,Microsoft Excel Advanced Analytics,Power Automate for Office 365,Whiteboard (Plan 3),Viva Learning Seeded,Azure Rights Management,Microsoft Entra ID P2,Microsoft 365 Communication Compliance,Microsoft MyAnalytics (Full),Microsoft 365 Apps for enterprise,Yammer Enterprise,Project for Office (Plan E5),Microsoft Information Governance,Microsoft Bookings,Exchange Online (Plan 2),Microsoft Teams","","","AT","","","yes","","","","","E5","Cloud","","","Member","Room","",""
"Seattle","Sandra Tangl","sandra@lillich.onmicrosoft.com","","","","AT","Tangl","Sandra","yes","","","","","","Cloud","","","Member","User","",""
"Seattle","Silvia Ruck","silvia.ruck@lillich.onmicrosoft.com","","","","AT","Ruck","Silvia","yes","","","","","","Cloud","","","Member","User","",""
"Seattle","Test Room","Test-Room@lillich.onmicrosoft.com","Immersive spaces for Teams,Purview Discovery,Azure Information Protection Premium P2","","","AT","","","yes","atwork","Wien","Austria","Austria","E5","Cloud","42344324"," ","Member","Room","",""
"Seattle","Tommy Deneke","tommy@lillich.onmicrosoft.com","","","","VE","Deneke","Tommy","yes","","","","","","Cloud",""," ","Member","User","",""
"Seattle","Toni Pohl","toni.pohl#EXIT#@lillich.onmicrosoft.com","Microsoft 365 Audit Platform,Microsoft Clipchamp,Power Apps for Office 365 (Plan 3),Information Protection for Office 365 - Premium,Power Virtual Agents for Office 365,Microsoft Insider Risk Management,Common Data Service,Microsoft 365 Phone System,Sway,Microsoft Entra RIGHTS,Microsoft Planner,Microsoft 365 Advanced Auditing,Microsoft Entra ID P1,Microsoft Forms (Plan E5),Graph Connectors Search with Index,Skype for Business Online (Plan 2),Microsoft Teams,Data Classification in Microsoft 365,Microsoft Azure Multi-Factor Authentication,Office 365 Advanced eDiscovery,Microsoft Intune,Office 365 Cloud App Security,Microsoft Records Management,Power BI Pro,Office for the Web,Microsoft Bookings,Microsoft Data Investigations,Office 365 Privileged Access Management,Microsoft 365 Defender,Azure Information Protection Premium P2,Customer Lockbox,Microsoft Communications DLP,Microsoft Stream for Office 365 E5,Microsoft Defender for Identity,To-Do (Plan 3),Microsoft Insider Risk Management,Microsoft ML-Based Classification,SharePoint (Plan 2),Office 365 SafeDocs,Common Data Service for Teams,Microsoft Customer Key,Microsoft Communications Compliance,Microsoft Defender for Cloud Apps,Microsoft Defender for Office 365 (Plan 2),Information Protection for Office 365 - Standard,Microsoft StaffHub,Microsoft Excel Advanced Analytics,Power Automate for Office 365,Whiteboard (Plan 3),Viva Learning Seeded,Azure Rights Management,Microsoft Entra ID P2,Microsoft 365 Communication Compliance,Exchange Online (Plan 2),Microsoft MyAnalytics (Full),Yammer Enterprise,Project for Office (Plan E5),Microsoft Information Governance","","","AT","Tschibut","Holger","yes","","","","","E5","Cloud","","","Guest","User","PendingAcceptance","08.03.2021 08:34:00"
"New York","Andi Lillich 2","andi.lillich_vpc.at#EXT#@lillich.onmicrosoft.com","","","","US","Lillich","Andreas","yes","","","","","","Cloud",""," ","Guest","User","PendingAcceptance","15.11.2022 07:36:00"
"New York","Andreas Lillich","admin1@lillich.onmicrosoft.com","Power Apps for Office 365 (Plan 3),Power Virtual Agents for Office 365,Microsoft Insider Risk Management,Microsoft 365 Phone System,Sway,Microsoft Planner,Microsoft Entra ID P1,Microsoft Forms (Plan E5),Skype for Business Online (Plan 2),Microsoft Teams,Data Classification in Microsoft 365,Microsoft Azure Multi-Factor Authentication,Office 365 Advanced eDiscovery,Microsoft Intune,Office 365 Cloud App Security,Microsoft Records Management,Power BI Pro,Microsoft Bookings,Microsoft Data Investigations,Office 365 Privileged Access Management,Microsoft 365 Defender,Azure Information Protection Premium P2,Customer Lockbox,Microsoft Insider Risk Management,Microsoft ML-Based Classification,SharePoint (Plan 2),Office 365 SafeDocs,Microsoft Customer Key,Microsoft Communications Compliance,Microsoft Defender for Cloud Apps,Microsoft Defender for Office 365 (Plan 2),Microsoft StaffHub,Power Automate for Office 365,Microsoft Entra ID P2,Microsoft 365 Communication Compliance,Exchange Online (Plan 2),Microsoft 365 Apps for enterprise,Project for Office (Plan E5),Microsoft Information Governance","","","AT","Lillich","Andreas","yes","","","","","E5","Cloud",""," ","Member","User","",""
"New York","Hansi Meier","hansi.meier@lillich.onmicrosoft.com","","","","US","Meier","Hansi","yes","","","","","","Cloud","","","Member","User","",""
"New York","Rudi Bumperer","rudi.bumperer@lillich.onmicrosoft.com","","","","US","Bumperer","Rudi","yes","","","","","","Cloud","","","Member","User","",""
"New York","Sabine Muster","sabine.muster@lillich.onmicrosoft.com","Power Apps for Office 365 (Plan 3),Power Virtual Agents for Office 365,Microsoft Insider Risk Management,Microsoft 365 Phone System,Sway,Microsoft Planner,Microsoft Entra ID P1,Microsoft Forms (Plan E5),Skype for Business Online (Plan 2),Microsoft Teams,Microsoft Azure Multi-Factor Authentication,Office 365 Advanced eDiscovery,Microsoft Intune,Office 365 Cloud App Security,Microsoft Records Management,Power BI Pro,Microsoft Bookings,Microsoft Data Investigations,Office 365 Privileged Access Management,Microsoft 365 Defender,Microsoft Clipchamp,Azure Information Protection Premium P2,Microsoft Insider Risk Management,Microsoft ML-Based Classification,SharePoint (Plan 2),Office 365 SafeDocs,Microsoft Customer Key,Microsoft Communications Compliance,Microsoft Defender for Cloud Apps,Microsoft Defender for Office 365 (Plan 2),Microsoft StaffHub,Power Automate for Office 365,Azure Rights Management,Microsoft Entra ID P2,Microsoft 365 Communication Compliance,Exchange Online (Plan 2),Microsoft 365 Apps for enterprise,Project for Office (Plan E5),Microsoft Information Governance","","","US","Muster","Sabine","yes","","","","","E5","Cloud","","","Member","User","",""
"New York","Hubert Lillich","hubert.lillich@lillich.onmicrosoft.com","","","","US","Lillich","Hubert","yes","","","","","","Cloud","","","Member","User","",""
"New York","Hans Orsolicz","hans.orsolicz@lillich.onmicrosoft.com","","","","US","Orsolicz","Hans","yes","","","","","","Cloud","","","Member","User","",""
"New York","Rudi Rudanowisch","rudi.rudanowisch@lillich.onmicrosoft.com","Power Apps for Office 365 (Plan 3),Power Virtual Agents for Office 365,Microsoft Insider Risk Management,Microsoft 365 Phone System,Sway,Microsoft Planner,Microsoft Entra ID P1,Microsoft Forms (Plan E5),Skype for Business Online (Plan 2),Microsoft Teams,Data Classification in Microsoft 365,Microsoft Azure Multi-Factor Authentication,Office 365 Advanced eDiscovery,Microsoft Intune,Office 365 Cloud App Security,Microsoft Records Management,Power BI Pro,Microsoft Bookings,Microsoft Data Investigations,Office 365 Privileged Access Management,Microsoft 365 Defender,Microsoft Clipchamp,Azure Information Protection Premium P2,Customer Lockbox,Commercial data protection for Microsoft Copilot,Microsoft Insider Risk Management,Microsoft ML-Based Classification,SharePoint (Plan 2),Office 365 SafeDocs,Microsoft Customer Key,Microsoft Communications Compliance,Microsoft Defender for Cloud Apps,Microsoft Defender for Office 365 (Plan 2),Microsoft StaffHub,Power Automate for Office 365,Azure Rights Management,Microsoft Entra ID P2,Microsoft 365 Communication Compliance,Exchange Online (Plan 2),Microsoft 365 Apps for enterprise,Project for Office (Plan E5),Microsoft Information Governance","","","US","Rudanowisch","Rudi","yes","","","","","E5","Cloud","","","Member","User","",""
"New York","Sepp Walcher","sepp.walcher@lillich.onmicrosoft.com","","","","US","Walcher","Sepp","no","Office","","","","","Cloud","","","Member","User","",""
"New York","Klaudia Wallner","klaudia.wallner@lillich.onmicrosoft.com","","","","US","Wallner","Klaudia","yes","","","","","","Cloud","","","Member","Shared","",""
"Seattle","Josef Leitner","josef.leitner@lillich.onmicrosoft.com","","","","US","Leitner","Josef","yes","","","","","","Cloud",""," ","Member","Shared","",""
"Seattle","Hansi Hinterseer4","hansi.hinterseer@lillich.onmicrosoft.com","","","","US","Hinterseer","Hansi","yes","","Vienna","","","","Cloud","","","Member","Shared","",""
"Seattle","Andi Lolipop 4","andi.lolipop@lillich.onmicrosoft.com","","","","US","Lolipop","Andi","yes","","","","","","Cloud",""," ","Member","User","",""
"Seattle","Super Bursch","super.bursch@lillich.onmicrosoft.com","","","","US","Bursch","Super","yes","","","","","","Cloud","","","Member","User","",""
"Seattle","Hallo Welt","hallo.welt@lillich.onmicrosoft.com","","","","US","Welt","Hallo","yes","","","","","","Cloud","","","Member","User","",""
"Seattle","Kurt Habermilch","kurt.habermilch@lillich.onmicrosoft.com","Flow Free,Common Data Service","","","US","Habermilch","Kurt","yes","","","","","Test Mapping","Cloud","","","Member","User","",""
"Seattle","Hannes Rebetz","hannes.rebetz@lillich.onmicrosoft.com","Flow Free,Common Data Service","","","US","Rebetz","Hannes","yes","","","","","Test Mapping","Cloud","","","Member","User","",""
"New York","Hannal Braut","hannal.braut@lillich.onmicrosoft.com","","","","US","Braut","Hannal","yes","","","","","","Cloud","","","Member","User","",""
"New York","Hannal2 Braut","hannal2.braut@lillich.onmicrosoft.com","","","","US","Braut","Hannal2","yes","","","","","","Cloud","","","Member","User","",""
"New York","Hannal6 Braut","hannal6.braut@lillich.onmicrosoft.com","","","","US","Braut","Hannal6","yes","","","","","","Cloud","","","Member","User","",""
